Workbook

Sheet Dashboard
A1: Owner Dashboard
A2: Month to report (first day of month): | C2: 46296
A4: Total billed | B4: =SUM(Charges!D:D)
A5: Total received | B5: =SUM(Payments!F:F)
A6: Total outstanding | B6: =B4-B5
A8: Billed this month | B8: =SUMIFS(Charges!D:D,Charges!E:E,">="&C2,Charges!E:E,"<"&EDATE(C2,1))
A9: Collected this month | B9: =SUMIFS(Payments!F:F,Payments!D:D,">="&C2,Payments!D:D,"<"&EDATE(C2,1))
A11: Collected — Cash | B11: =SUMIFS(Payments!F:F,Payments!E:E,"Cash")
A12: Collected — Bank | B12: =SUMIFS(Payments!F:F,Payments!E:E,"Bank")
A13: Collected — UPI | B13: =SUMIFS(Payments!F:F,Payments!E:E,"UPI")
A15: Clients with outstanding > 0 | B15: =COUNTIF(Clients!H:H,">0")
A16: Collection rate | B16: =IFERROR(B5/B4,0)
A17: Duplicate UTRs to review | B17: =COUNTIF(Payment_links!D:D,"DUPLICATE")
A19: Outstanding by client
A20: Client | B20: Outstanding
A21: =Clients!B2 | B21: =Clients!H2
A22: =Clients!B3 | B22: =Clients!H3
A23: =Clients!B4 | B23: =Clients!H4
A24: =Clients!B5 | B24: =Clients!H5
A25: =Clients!B6 | B25: =Clients!H6

Sheet Clients
A1: client_id | B1: name | C1: phone | D1: start_date | E1: status | F1: billed | G1: received | H1: outstanding | I1: email
A2: C001 | B2: Sharma & Associates | C2: 98xxxxxx01 | D2: 46174 | E2: Active | F2: =SUMIFS(Charges!$D:$D,Charges!$C:$C,A2) | G2: =SUMIFS(Payment_links!$C:$C,Payment_links!$B:$B,A2) | H2: =F2-G2 | I2: sharma@example.com
A3: C002 | B3: Green Leaf Clinic | C3: 98xxxxxx02 | D3: 46188 | E3: Active | F3: =SUMIFS(Charges!$D:$D,Charges!$C:$C,A3) | G3: =SUMIFS(Payment_links!$C:$C,Payment_links!$B:$B,A3) | H3: =F3-G3 | I3: greenleaf@example.com
A4: C003 | B4: Patel Traders | C4: 98xxxxxx03 | D4: 46204 | E4: Active | F4: =SUMIFS(Charges!$D:$D,Charges!$C:$C,A4) | G4: =SUMIFS(Payment_links!$C:$C,Payment_links!$B:$B,A4) | H4: =F4-G4 | I4: patel@example.com
A5: C004 | B5: Nair Consulting | C5: 98xxxxxx04 | D5: 46213 | E5: Active | F5: =SUMIFS(Charges!$D:$D,Charges!$C:$C,A5) | G5: =SUMIFS(Payment_links!$C:$C,Payment_links!$B:$B,A5) | H5: =F5-G5 | I5: nair@example.com
A6: C005 | B6: Das Builders | C6: 98xxxxxx05 | D6: 46235 | E6: Inactive | F6: =SUMIFS(Charges!$D:$D,Charges!$C:$C,A6) | G6: =SUMIFS(Payment_links!$C:$C,Payment_links!$B:$B,A6) | H6: =F6-G6 | I6: das@example.com

Sheet Services
A1: service_id | B1: service_name | C1: billing_cycle
A2: S01 | B2: GST return filing | C2: Monthly
A3: S02 | B3: Bookkeeping | C3: Monthly
A4: S03 | B4: Annual audit | C4: Yearly
A5: S04 | B5: Company registration | C5: One-time

Sheet Subscriptions
A1: sub_id | B1: client_id | C1: service_id | D1: fee | E1: start_date | F1: next_due_date | G1: active | H1: client_name | I1: service_name | J1: billing_cycle | K1: billed | L1: received | M1: outstanding | N1: form_label
A2: SUB001 | B2: C001 | C2: S01 | D2: 2000 | E2: 46204 | F2: 46327 | G2: Y | H2: =IFERROR(INDEX(Clients!$B:$B,MATCH(B2,Clients!$A:$A,0)),"") | I2: =IFERROR(INDEX(Services!$B:$B,MATCH(C2,Services!$A:$A,0)),"") | J2: =IFERROR(INDEX(Services!$C:$C,MATCH(C2,Services!$A:$A,0)),"") | K2: =SUMIFS(Charges!$D:$D,Charges!$B:$B,A2) | L2: =SUMIFS(Payment_links!$C:$C,Payment_links!$A:$A,A2) | M2: =K2-L2 | N2: =A2&" | "&H2&" | "&I2
A3: SUB002 | B3: C001 | C3: S02 | D3: 5000 | E3: 46204 | F3: 46327 | G3: Y | H3: =IFERROR(INDEX(Clients!$B:$B,MATCH(B3,Clients!$A:$A,0)),"") | I3: =IFERROR(INDEX(Services!$B:$B,MATCH(C3,Services!$A:$A,0)),"") | J3: =IFERROR(INDEX(Services!$C:$C,MATCH(C3,Services!$A:$A,0)),"") | K3: =SUMIFS(Charges!$D:$D,Charges!$B:$B,A3) | L3: =SUMIFS(Payment_links!$C:$C,Payment_links!$A:$A,A3) | M3: =K3-L3 | N3: =A3&" | "&H3&" | "&I3
A4: SUB003 | B4: C002 | C4: S01 | D4: 2000 | E4: 46204 | F4: 46327 | G4: Y | H4: =IFERROR(INDEX(Clients!$B:$B,MATCH(B4,Clients!$A:$A,0)),"") | I4: =IFERROR(INDEX(Services!$B:$B,MATCH(C4,Services!$A:$A,0)),"") | J4: =IFERROR(INDEX(Services!$C:$C,MATCH(C4,Services!$A:$A,0)),"") | K4: =SUMIFS(Charges!$D:$D,Charges!$B:$B,A4) | L4: =SUMIFS(Payment_links!$C:$C,Payment_links!$A:$A,A4) | M4: =K4-L4 | N4: =A4&" | "&H4&" | "&I4
A5: SUB004 | B5: C003 | C5: S03 | D5: 25000 | E5: 46204 | F5: 46569 | G5: Y | H5: =IFERROR(INDEX(Clients!$B:$B,MATCH(B5,Clients!$A:$A,0)),"") | I5: =IFERROR(INDEX(Services!$B:$B,MATCH(C5,Services!$A:$A,0)),"") | J5: =IFERROR(INDEX(Services!$C:$C,MATCH(C5,Services!$A:$A,0)),"") | K5: =SUMIFS(Charges!$D:$D,Charges!$B:$B,A5) | L5: =SUMIFS(Payment_links!$C:$C,Payment_links!$A:$A,A5) | M5: =K5-L5 | N5: =A5&" | "&H5&" | "&I5
A6: SUB005 | B6: C004 | C6: S02 | D6: 4000 | E6: 46235 | F6: 46327 | G6: Y | H6: =IFERROR(INDEX(Clients!$B:$B,MATCH(B6,Clients!$A:$A,0)),"") | I6: =IFERROR(INDEX(Services!$B:$B,MATCH(C6,Services!$A:$A,0)),"") | J6: =IFERROR(INDEX(Services!$C:$C,MATCH(C6,Services!$A:$A,0)),"") | K6: =SUMIFS(Charges!$D:$D,Charges!$B:$B,A6) | L6: =SUMIFS(Payment_links!$C:$C,Payment_links!$A:$A,A6) | M6: =K6-L6 | N6: =A6&" | "&H6&" | "&I6
A7: SUB006 | B7: C004 | C7: S04 | D7: 8000 | E7: 46239 | G7: N | H7: =IFERROR(INDEX(Clients!$B:$B,MATCH(B7,Clients!$A:$A,0)),"") | I7: =IFERROR(INDEX(Services!$B:$B,MATCH(C7,Services!$A:$A,0)),"") | J7: =IFERROR(INDEX(Services!$C:$C,MATCH(C7,Services!$A:$A,0)),"") | K7: =SUMIFS(Charges!$D:$D,Charges!$B:$B,A7) | L7: =SUMIFS(Payment_links!$C:$C,Payment_links!$A:$A,A7) | M7: =K7-L7 | N7: =A7&" | "&H7&" | "&I7
A8: SUB007 | B8: C005 | C8: S01 | D8: 1500 | E8: 46235 | G8: N | H8: =IFERROR(INDEX(Clients!$B:$B,MATCH(B8,Clients!$A:$A,0)),"") | I8: =IFERROR(INDEX(Services!$B:$B,MATCH(C8,Services!$A:$A,0)),"") | J8: =IFERROR(INDEX(Services!$C:$C,MATCH(C8,Services!$A:$A,0)),"") | K8: =SUMIFS(Charges!$D:$D,Charges!$B:$B,A8) | L8: =SUMIFS(Payment_links!$C:$C,Payment_links!$A:$A,A8) | M8: =K8-L8 | N8: =A8&" | "&H8&" | "&I8

Sheet Charges
A1: charge_id | B1: sub_id | C1: client_id | D1: amount | E1: charge_date | F1: period | G1: created_by
A2: CH0001 | B2: SUB001 | C2: C001 | D2: 2000 | E2: 46204 | F2: Jul 2026 | G2: auto
A3: CH0002 | B3: SUB002 | C3: C001 | D3: 5000 | E3: 46204 | F3: Jul 2026 | G3: auto
A4: CH0003 | B4: SUB003 | C4: C002 | D4: 2000 | E4: 46204 | F4: Jul 2026 | G4: auto
A5: CH0004 | B5: SUB001 | C5: C001 | D5: 2000 | E5: 46235 | F5: Aug 2026 | G5: auto
A6: CH0005 | B6: SUB002 | C6: C001 | D6: 5000 | E6: 46235 | F6: Aug 2026 | G6: auto
A7: CH0006 | B7: SUB003 | C7: C002 | D7: 2000 | E7: 46235 | F7: Aug 2026 | G7: auto
A8: CH0007 | B8: SUB005 | C8: C004 | D8: 4000 | E8: 46235 | F8: Aug 2026 | G8: auto
A9: CH0008 | B9: SUB007 | C9: C005 | D9: 1500 | E9: 46235 | F9: Aug 2026 | G9: auto
A10: CH0009 | B10: SUB001 | C10: C001 | D10: 2000 | E10: 46266 | F10: Sep 2026 | G10: auto
A11: CH0010 | B11: SUB002 | C11: C001 | D11: 5000 | E11: 46266 | F11: Sep 2026 | G11: auto
A12: CH0011 | B12: SUB003 | C12: C002 | D12: 2000 | E12: 46266 | F12: Sep 2026 | G12: auto
A13: CH0012 | B13: SUB005 | C13: C004 | D13: 4000 | E13: 46266 | F13: Sep 2026 | G13: auto
... A19: CH0014 | B19: SUB006 | C19: C004 | D19: 8000 | E19: 46239 | F19: One-time | G19: manual

Sheet Payments
A1: Timestamp | B1: Email Address | C1: Service reference | D1: Payment date | E1: Payment mode | F1: Amount received | G1: UTR / Reference | H1: Note
A2: 46295.542 | B2: staff1@example.com | C2: SUB001 | Sharma & Associates | GST return filing | D2: 46295 | E2: UPI | F2: 2000 | G2: UTR1001
A3: 46295.543 | B3: staff1@example.com | C3: SUB004 | Patel Traders | Annual audit | D3: 46294 | E3: Bank | F3: 10000 | G3: NEFT2001 | H3: part 1
A4: 46295.544 | B4: staff2@example.com | C4: SUB003 | Green Leaf Clinic | GST return filing | D4: 46293 | E4: Cash | F4: 2000
A5: 46295.544 | B5: staff2@example.com | C5: SUB004 | Patel Traders | Annual audit | D5: 46293 | E5: Bank | F5: 5000 | G5: NEFT2002 | H5: part 2

Sheet README
A1: Client Payment Tracker — template (sample data)
A3: Owner-only spreadsheet. Staff never get access: they record payments through a Google Form linked to the Payments tab.
A4: Payments: created by the linked Google Form (columns A–H). Never edit or delete rows — correct mistakes with a new negative 'reversal' entry and a note.
A5: Payment_links: helper formulas that turn each payment's 'Service reference' into sub_id, client_id and amount. Kept off the form tab on purpose.
A6: Charges: one row per amount billed. The n8n 'Recurring Charges' workflow appends rows automatically.
A7: Grey cells are formulas. All names, phones and emails are fictitious (@example.com).

Sheet Payment_links
A1: ={"sub_id";ARRAYFORMULA(IF(Payments!C2:C="","",LEFT(Payments!C2:C,6)))} | B1: ={"client_id";ARRAYFORMULA(IF(A2:A="","",IFERROR(VLOOKUP(A2:A,Subscriptions!A:B,2,FALSE),"")))} | C1: ={"amount";ARRAYFORMULA(IF(Payments!F2:F="","",Payments!F2:F))} | D1: ={"utr_check";ARRAYFORMULA(IF(Payments!G2:G="","",IF(COUNTIF(Payments!G2:G,Payments!G2:G)>1,"DUPLICATE","OK")))}
